2.152222056749836,-0.581466884103822,1
-0.19142944254363667,0.9175138353663224,2
0.2800842235762415,0.4004054819000995,2
0.9840079155881796,-0.30848326688854844,1
-4.978059280093535,-1.3119757121390032,0
1.4407191206835623,-1.9117209434432036,1
1.1065518815616115,2.728411406838207,1
1.8077979982044283,0.49999360050546926,1
-0.3938505070222877,0.7477730822646266,2
3.5553027381006306,-3.087353714167098,0
-0.3536634335715485,0.3993540067523291,2
-1.7286716185758155,1.2721289061908152,1
0.6077775199320126,-1.798654922500535,1
-0.2455130468311761,-0.34491348832747537,2
0.39375526371848046,0.12929815253178845,2
-0.9125072796992608,-0.3301278247682209,2
-2.2025685076797217,-0.5891282446247894,1
0.35671606358129004,0.7764644607024795,2
-0.9394752978727752,0.13057014496994412,2
3.3245275882779115,1.1678069971766856,0
0.3744283039363854,-2.267743813500612,1
1.9109458006570568,3.8890542819374416,0
1.9580192265658347,4.7344881683554645,0
1.174224575439128,-1.9389320897950353,1
-1.3039941138651607,0.2830349169819213,1
3.1029379436389863,0.3587791336477233,0
2.9633521744634983,2.8525228938689478,0
0.8659851370249178,0.427105058022792,2
-0.6747001987054276,0.004929584283845934,2
-0.2127901528516638,0.4908289390651923,2
3.309008983230143,-2.9312665006681846,0
-3.294067924856713,0.1634469271566994,0
0.26137604270083337,1.2932696167838023,1
-2.7414959263445695,-0.106519963339176,1
2.6877667605563875,1.9707265570001236,0
-4.959582543812889,0.15880302614594655,0
0.9010834634074014,-0.10074877005192295,2
0.7578112423893301,1.3770264954984395,1
-0.10943042721533924,0.3903148331729636,2
0.6382925248848226,3.062845797233056,0
-2.2529447420322435,4.467509676131505,0
-4.838182106662271,2.124889160724484,0
-2.3752173228848306,2.2554009660063166,0
-0.19494961946920952,-0.21042965116189105,2
-3.9941595803929824,3.1488250002666494,0
1.7614922139505795,-0.7439013248288173,1
0.2570253904562927,0.9016828019472677,2
1.904794118079092,0.7400224314078461,1
1.801622220999896,-0.6036206190971328,1
-0.4103211015228112,0.719532804044853,2
-1.582778164368752,-0.7031363873118943,1
-0.589457921585705,-0.4937618040208109,2
0.14523199052160063,1.7971512647652954,1
1.9219313049477331,1.3630626534911991,1
-2.6666788073280685,-2.3873817061159888,0
3.1044791897031287,2.150328313034202,0
1.7289223235196756,-0.5665783229930303,1
-2.490806311159951,2.6993309728253854,0
-1.9450465296740695,-2.416567036636982,0
0.1969963008799445,0.27620436002939464,2
-0.1664095295904655,-4.034523681515865,0
2.9624474396551985,1.0691166541501484,0
2.405052501683537,0.9914907673541552,1
-2.5930053052125728,-0.6680094461298358,1
0.7269553996991761,-2.7677990870712046,1
1.0919555322369376,1.8408409941981985,1
0.9226385137811928,2.5801018762615104,1
-0.620261661031769,-0.7264712279240912,2
-3.2552134283464733,2.471720902540042,0
-1.9538137249217788,-2.111388121890653,1
-2.987105967487403,-0.2252737656621324,1
-2.139435963536027,0.03793728741663216,1
-0.35539924596936867,-0.4342639002867683,2
-0.1658355517040313,-0.1210576466536226,2
2.120550657881118,2.166114006446501,0
-2.114461343848689,-4.283574141759974,0
-1.5973872385559886,1.7580775292393405,1
-0.3527047421666332,2.147123708359465,1
-0.1084278535757619,-1.8623185055029048,1
1.4358525122050034,-4.778875090691912,0
-1.352361787936942,-1.340328695034154,1
0.6668905681087257,1.9434759534358816,1
2.7935943493070887,3.2572006646732894,0
4.551665712527372,-4.963523768792697,0
-0.7000583164076275,3.2377922327708113,0
0.5318401230420076,-1.3382405851403147,1
0.2481860956268385,0.6604959790640308,2
0.040376376712031536,1.480291999381043,1
-0.07730301558377038,-0.79371998906851,2
4.4649418215605925,-0.7210543651867612,0
4.405576363609587,-0.03451368814314648,0
1.1180840382617756,-3.846383364979568,0
2.141204986502741,0.020593816531592424,1
0.007726809939053503,0.9588161531771923,2
0.7785115186019372,-0.48666595811701097,2
3.2765524078304487,-2.219154373906129,0
0.04148224097786812,0.007204514595640532,2
2.6685249720186945,-2.303356902705207,0
-0.8949490136003383,-1.6863182741456129,1
-0.04094203848639211,0.5070206730198148,2
0.12167644956915336,-1.6654303181312615,1
2.9124066419210775,-0.047792965125897695,1
0.06316885311064269,-0.3860829509036901,2
4.65937795391363,0.5068023101100803,0
-0.7152390067946763,0.08600462229974237,2
0.4543606823233394,-1.148464738397374,1
2.440749673632454,0.7735720162577832,1
-0.2881109285854544,0.034363670727399764,2
-3.963101571295877,-0.8765619166211742,0
-0.01063438902472491,0.22907304052480623,2
-1.6077283322590707,2.0650520274519266,1
0.50264983976742,0.054035533245971656,2
0.08793241301061272,-0.05089575120946854,2
-0.09076125724893735,0.4087054279566189,2
-3.2365328148794257,-0.7972631237656387,0
-1.37803443207362,3.10918133266677,0
-3.623451235264352,-4.7913895069180095,0
-0.9187924019307918,-0.172045970410875,2
0.6881567124762533,1.606004848820362,1
1.8440882693746097,-4.179449940840969,0
-0.278919988465951,-0.5710845934597204,2
2.6060010589838107,-1.984171146045674,0
-2.2859393832991564,0.8623969562503859,1
3.2915419586097503,-3.388037692600588,0
-0.3664334804622786,1.9791764550934232,1
-1.4981636742154265,0.5274198333629556,1
2.347127796654899,1.6261519411698426,1
-1.118296919307208,4.402858523899352,0
-0.7720523098135875,0.5507218402617049,2
-0.5564544938280367,0.5580565186967633,2
0.2711767141506307,-1.0324384795372827,1
0.9637766202805496,0.1943499419940835,2
2.00677311709045,-0.2901758727534513,1
-0.1054881406163668,0.15585212498416645,2
-1.1490763115948677,0.15257294727084592,1
0.544454148800714,-2.8602645602163608,1
2.46588805514091,-2.043869175310341,0
-1.0844260955605218,3.4268433301578263,0
1.5120320288348559,-2.1326009955679086,1
4.421099513406483,4.069514743029202,0
1.8850909596048515,4.191377563799833,0
-2.974212622753392,-4.110440233885023,0
-2.3275293507729504,0.2068425766553652,1
4.9916939669219245,-3.982389813866331,0
0.6643420303249687,0.21486624544388097,2
-0.34363821079280127,0.7044407728190469,2
-0.29584121630925164,0.12073463836116716,2
1.4707113304535344,-4.449340863570443,0
0.7391138149891726,-0.5249709947393946,2
3.7949616253924674,3.2663365207472186,0
-0.5888344134793826,2.6420667903715556,1
-3.223874493792162,4.961401791206289,0
0.14255083041024896,-0.04275178631827004,2
-1.9509730420903004,-1.907988940897736,1
-0.4312952289761025,-0.15840302363314596,2
4.362840507967583,1.5754489058904255,0
-0.915487981422812,-4.862914259284657,0
0.5200859840368546,-2.190984538615069,1
-1.6913053417693225,1.7376881351137232,1
-0.7166115005909122,0.24760723490425995,2
0.1912819092492768,-1.8688071478759076,1
-0.4810630876152047,-0.2535336041587293,2
0.9064985213384222,-0.40321097777927406,2
0.7426497212984077,2.6891959353948742,1
-0.24425341705571132,0.6831876888999444,2
0.5278962741756885,0.4199095534565736,2
-3.1314397620108068,-4.296928049775289,0
-2.159182098502117,1.803322951113352,1
-4.768418765062555,-4.98298192614131,0
3.377322318087092,3.2649985355092586,0
0.03120121008504384,3.4841035469950725,0
-0.7225333446306496,2.545409032318836,1
1.501077729455261,-4.097813696770766,0
-0.2963006877439627,0.586388296716307,2
1.260558572252508,-2.2904005394434184,1
-4.490272095100988,-2.712118171915792,0
-2.288355445023892,2.139479404799644,0
-0.24259088601390388,-4.598812257620264,0
-0.7482285565809672,-0.2921476159590899,2
-0.7299014505661363,2.7367788579481207,1
-1.8060352433633489,-0.9381182310221073,1
1.0577735661191348,0.6208492683471789,1
3.4585412488931144,1.603244207516976,0
-0.7706877637991658,0.546815668480548,2
-0.28148021889745056,0.8208479002458366,2
4.339400329929267,1.4654515391477538,0
3.6995522165162935,-1.3178059318201556,0
3.235017907196537,-4.290561812651656,0
0.7640727334951833,-0.14100977460353636,2
0.48566553918429806,0.8285764093433219,2
-0.23155897678360568,0.4592697141469824,2
0.17745178817529172,-0.0719530888943023,2
1.1598298400763536,1.2777871233923008,1
-0.4507478284697166,0.9005105340753534,1
-4.947385847525637,0.18843136416236028,0
3.0079544854922258,-2.4527786264685134,0
1.5799304208131577,3.2384921926635073,0
1.6279778885571383,3.168570148064681,0
-0.3172551853197705,1.8855935154475727,1
4.834932847840575,-3.9577094926311065,0
-4.465562578338182,4.35062175654981,0
-0.34575579452438454,2.1378995676260084,1
-0.03898143155382794,-2.093421919047284,1
-1.3777345565798504,-1.1368324614005463,1
0.4951649222052978,0.5548784193804659,2
-1.0216877641253355,-0.22633483081110303,1
-4.975817496884153,2.50611665321539,0
-0.12826947530066943,0.7089280657506681,2
-0.37583108118851166,-2.2226117168346815,1
0.49825626492076314,-0.7759802154402298,2
-4.296177510077476,3.8618953131323006,0
-4.859790896984154,4.335813743358983,0
-0.9039642558743086,-0.2142291698397312,2
-0.26235110555673824,-0.7162041567877244,2
-1.5460571705683797,1.7044808314865936,1
1.897207923303153,1.3975038262285313,1
-1.444025081804952,-0.39619202225990774,1
-3.4971067919875214,-0.17019300606656262,0
0.4088750646023884,0.888223003661027,2
-0.8738378066994947,-0.7078384387312305,1
2.2673441932719527,-3.7634675483045785,0
-0.8135631275429249,-0.1778129613260191,2
0.2190619117954569,-0.09053919661055064,2
-4.025956991367427,-2.3112361572139446,0
-0.2866878323276847,0.22006248033916173,2
-0.2719597654362147,-2.369148656838677,1
-1.573561360965732,0.06851828838171059,1
-1.122614103186073,-0.7584581528515724,1
-0.2168381877881176,-0.9016046099781176,2
-0.9029145214673856,2.3285967504307283,1
1.2663558922991471,3.036916692746944,0
-0.6428993289188369,-0.5378714185520277,2
2.1466745521886663,1.2755616380572556,1
-0.4886439076154092,-2.682117371709336,1
4.649772403558945,2.8076097505238264,0
2.4487713016119934,-4.857715927120295,0
2.1005384247836627,-2.418530095505046,0
-0.6726006951564507,-0.32363541760503267,2
2.178907404850399,-0.9750099442594083,1
3.6746729171281345,0.9130444780969382,0
2.8042956852430407,3.843845774847885,0
-2.7132280328578084,0.09638715170367183,1
-2.6658683702152923,-0.6476390458181349,1
-0.3853657514496706,-0.784259138594903,2
-3.80365901562304,4.360602298891047,0
4.743039321872525,-3.928956707980297,0
3.0612882258483527,-2.510333809929792,0
2.1111553457784185,3.35406117471376,0
3.9569993412701567,-4.174418230636969,0
4.590454063229917,4.092673877597651,0
-0.5277590244129149,1.6950392345944536,1
0.9683805105704845,-0.021469594281592563,2
0.5529638444248643,-0.04069959626340847,2
0.04460442471738446,-0.6990528424013025,2
4.545035504812391,1.989428286062836,0
2.083294497903012,-1.8707500753366897,1
-1.323195013647502,-1.2926174332821776,1
-0.03767259138651191,-0.23057291052871773,2
-0.15329536214011696,0.52850885235536,2
4.9657931355461855,1.0058498140561847,0
-0.218102537571073,-0.0288401962701057,2
-0.11375618919458574,2.902202764710352,1
-4.470941136319775,-3.6557790544068305,0
-0.49758903444065794,-0.5564416952985196,2
0.6767817156024449,2.1105321962140775,1
0.23677531133242533,0.6315198948895233,2
0.9802717958291651,-0.10343246800003401,2
4.313349475485722,0.21558870355864637,0
1.2963063754711008,-1.9209174623805627,1
2.823326644759155,4.54404519557,0
-1.9716801662335897,1.5743016990841987,1
3.698197952045108,3.1390035874379336,0
-0.24068774530871728,-0.1644288466959658,2
3.4141321180458415,-0.7119348466954082,0
-2.6736366218611844,-0.3808662593396948,1
4.762211150943163,1.7683908992968504,0
-0.6419862847744202,4.502714515557031,0
0.006949347021105722,-2.3208947446065045,1
-4.669233153065172,3.3889424215737325,0
-0.47769874525683775,0.7544892886481006,2
2.624783061966296,-0.038790451028508414,1
-0.7852859609171502,-0.051170182654278314,2
-0.04425000669230972,-2.286122326666528,1
-0.25783245098255486,-4.392367588597149,0
3.138290418900601,-3.8266863121679777,0
1.5320003991853612,0.6174430586053106,1
-3.81139418241006,-0.6165206956885463,0
0.7201308116372909,3.9928137617130206,0
1.9259219453354608,0.4166631712658422,1
0.9215887611225968,0.23660878535498145,2
0.05782232651541364,-0.655994894214623,2
-0.2904815822002682,-0.6423884809182514,2
1.7102888121573496,1.5989440584979997,1
-2.2259073276153574,0.7831142947346602,1
2.4202330984009555,-3.2267489417269,0
3.410456143809837,-3.8523566330934287,0
0.29537126560226135,0.861577467133312,2
-4.61619226665173,0.027456947246692565,0
1.837658345297415,-3.258386853552323,0
-4.080000431955812,2.7478574402467335,0
-0.07446372082182595,1.06285892320823,1
-2.497106604608412,-0.3283206487469599,1
-0.8554673414129752,2.3492048207198195,1
-3.585031402100796,4.887770599034141,0
0.8528778224786233,0.41017948401111054,2
0.8312347045400248,0.21884114097944263,2
0.2085146700413452,4.958161219963973,0
-1.436995946669812,-0.1074522977829524,1
-0.05638401066819565,0.272352591968243,2
1.0933746264809683,-0.9616122698294162,1
1.0533641756216932,2.405331190555322,1
-0.591285049439734,0.07464252025283001,2
1.9000987437856152,1.4318335915441702,1
-0.405081847376386,1.9336924103143704,1
-3.5689062814826356,-0.2911694226848791,0
2.410868017874036,-4.373523279640675,0
-1.1629126373754524,4.82707535281388,0
4.6447386945888045,-3.309082382153683,0
-0.14437226869555975,0.12669797997198984,2
-2.1305194415859035,3.162003554629232,0
4.410092399812733,-0.8594122292072938,0
-4.880428028595904,-1.0134367976881076,0
4.396355152738856,-0.6983359839274561,0
-0.44351116908701815,-1.3812627779268523,1
0.866070957246171,-0.4745185901948066,2
-1.5535385981220573,1.4566027408658933,1
-3.2490865067342183,-2.968324245056684,0
-2.8324128879933257,-0.06505906467908495,1
0.7176675606765155,-2.2104387472348246,1
-1.2350750788746907,2.3994532553091483,1
0.04258553754509098,-2.058839191010536,1
1.2789771083844634,-1.3503875698612045,1
1.0459040633730048,-0.4529614257961176,1
-0.046780237861935525,-2.7280770189152443,1
-3.49409270950265,-4.665405595586728,0
3.554412947004792,0.6844130920236227,0
-0.7663639780211167,0.726758753041917,1
2.3492970825925044,0.44795340696605646,1
0.19207657990322777,0.6283784031635751,2
0.5150617081357636,1.686369124432363,1
-0.676447007742726,0.1873749967407754,2
3.955643592379408,4.197560876299257,0
4.30045692836093,-4.991440924939885,0
2.907191744372932,1.5962153575977476,0
-4.990954492856289,3.69180258519734,0
0.3872962413672676,0.0016791766834520772,2
2.288610065350457,-1.3668688762963124,1
0.08602236640074867,0.386389223859692,2
-4.932347332647446,4.065755264940558,0
0.3521847306847441,0.8433931342403785,2
0.20171204295630485,-1.9569893280070187,1
-2.2216480836877506,-3.105354874660473,0
0.3865104523722626,0.7942721212870206,2
-4.924994841018584,4.256241439469385,0
0.4842148993402118,0.03112730241918804,2
4.9343146444232495,-2.04594593153744,0
-0.2063764101943484,2.565373482677025,1
3.1280284827799534,-0.325443912424201,0
3.1221108697044655,-4.8843953966920335,0
-0.6406271179311681,1.2213516118968588,1
4.198633963829368,2.4684265035543618,0
-0.7769061631490946,-0.9159491511711924,1
-0.2170193979235933,-4.861884515131648,0
-4.323080818175849,-4.085920370310262,0
1.7139218101996831,2.2708033304084694,1
-3.372871253487103,-1.8857774713250088,0
0.7556551185845332,-0.3417664221674101,2
1.3689970451698938,-4.935212364953397,0
-4.884511720123275,-4.389645508292306,0
0.3218917656302729,-0.6792639314574664,2
1.3207692720771147,0.4564895933595298,1
0.3974875962187783,-0.8903410480870858,2
-3.358398495648264,-1.2160946491432751,0
-0.6629646787239976,2.6749406428979032,1
-4.639925432958632,-3.609494155885596,0
0.9534400607791476,-0.19916840907426625,2
-0.16020630638666056,-2.10268956830666,1
-0.012499115924383908,1.41722117116558,1
-0.10382594015730184,0.012815096872653696,2
-0.08215247544597924,0.3832160972872112,2
2.2198078536016066,-3.952747810417252,0
-4.532978203022924,-3.867759619816268,0
0.1521352188412326,-0.2120462092715014,2
2.4185018340722433,1.1375615714013243,1
3.0479637909882644,4.5808802972984655,0
0.347734874732037,-0.15235008947142958,2
0.7303096364274921,-1.7366868385821514,1
0.5855772468464675,-3.519000927595882,0
0.9007612590232624,-0.22440473074396292,2
0.23188480819780555,-0.052899898949043234,2
-1.454634615804948,-2.2729326067574367,1
0.3718913852811596,-1.3490257539014987,1
-0.1617452112381521,-2.0679370379512414,1
3.845342708989104,4.012242449058029,0
0.2514802474742792,-2.5818406815889343,1
4.565861178622709,4.817368342021046,0
-1.306061650503655,-1.1425916264713196,1
0.07410074354040397,-4.75028418228418,0
-0.6015548313478504,-0.09205307365456417,2
-0.8090068946505022,0.21344639103120852,2
-3.2836071097371704,-0.8422120979172377,0
3.4154667689464713,-2.695857546175188,0
-2.550721272641006,1.3133837652589797,1
0.16820131670621574,-2.537388055910077,1
-0.4092052291271688,-2.22663041894542,1
1.6035550843892563,-1.8589767418428491,1
0.8183557880494828,-0.17655708160838124,2
0.9555842217312877,4.158861963417223,0
4.751106009940276,-3.3831658498837345,0
-2.1647262675136165,-1.8908881410466176,1
1.7478486472978458,2.0245638123367358,1
-0.5795139568561467,-0.36705582871570014,2
0.26907752674287,0.36792432130095065,2
-4.966606192838436,-0.9185446770548077,0
0.691824669922827,-0.1959270490566025,2
-1.067384308998522,0.6309542181477941,1
2.4178432890881796,0.6679205113002897,1
0.2923438540214205,-0.786002472686545,2
2.039093295212062,-0.6178173996320533,1
-4.057376038772763,1.407222645573566,0
-2.107699994686134,-4.488392927960118,0
-1.6662415695193462,0.5322311137956025,1
-0.9068614808343946,2.061637578144775,1
1.6565564774821384,-2.2042458177458406,1
-4.222811496099896,-1.1524087254291075,0
3.88306593499494,-3.945797581791539,0
0.5649852919259235,-2.854222414803617,1
-1.7404686237569083,4.228538313686789,0
1.999744774872361,-0.4044363573861122,1
-4.3191166637043805,2.618279418922609,0
4.317277222168247,-3.1790906194738278,0
1.3697465041173427,3.3176789573296226,0
2.308849004357371,-1.1822959307639276,1
-4.451265632308932,-0.32640208535078846,0
2.0363765180376654,-2.2374572876096055,0
-1.5790335291173827,0.5111368487431314,1
1.113471341369757,3.4157766797682996,0
-2.8271026373007393,3.0461042983445448,0
0.5942889879582633,-0.415390104513186,2
-1.8071435314105877,2.190312672772425,1
1.1753685248367232,-1.8088529789518155,1
-2.7141198855020536,0.6544450566356232,1
0.7216755138863212,0.17286825777293302,2
2.498053627715094,-0.009615887128226142,1
0.6686345323778999,-1.3391494175734395,1
1.2542166826797203,1.2996180642765776,1
2.007120055457064,-1.6021838690652048,1
-2.5832321453618223,-1.2465379575505686,1
1.08309656735101,-0.2239713668942249,1
1.2208526861842994,-1.5055734767484263,1
-2.126266102948663,-0.37680403358118214,1
-0.617363921582907,0.7464949683724234,2
0.5756080348222339,-1.2911655584094288,1
-1.927135997631602,-3.263910104498286,0
2.9225974355681323,0.6014834475937691,1
-0.8315155533792034,1.2871158874441635,1
0.37590603567089786,-0.5369476792381551,2
0.6222447770907945,0.4025868684574103,2
-3.018532660769638,-4.631646930129617,0
-4.539922165211554,2.315870554994742,0
2.0840256829157964,-0.4396098141465119,1
0.054319154894742816,4.384676007035614,0
0.7196772086414258,0.8322278733735704,1
-0.2633942763063404,0.47130623240876623,2
1.2977547021998503,-2.6644736981871646,1
-3.00912198189418,-0.4094998807602988,0
1.381596962544326,-2.5240384835308167,1
-0.8281640772802562,2.515325070220809,1
-0.8498020453392838,0.342995254583264,2
-3.5969055201733737,3.609135594316239,0
-2.891152455362532,3.303174501050547,0
2.1090840080117257,-1.5768530402893477,1
-0.5527488823343374,0.0226567468617187,2
-2.78333095831284,-1.245487693106666,0
-2.1366756704139007,-3.522621430199787,0
0.5510068769438661,-0.019169523073466976,2
-0.07099667739184401,0.7109218016079941,2
-0.19854408110065516,-0.5286750401875748,2
-0.6799543973169202,-0.2770188260990665,2
-0.9143100034072013,2.2261550199792097,1
-2.5960745404668097,0.5936412572598844,1
4.240612669977981,0.4494613332945736,0
-2.351760747659279,-3.5800788186344366,0
4.187124260885684,3.1108112807736905,0
1.723571432055917,0.12275142728255695,1
3.1602401793319888,0.5359846382730796,0
1.5955110000997248,-0.022291949331718183,1
0.46618799053025306,-2.6733716629007303,1
3.4717392626241548,-0.8206591396404032,0
1.643546443235314,-1.9972117010292485,1
0.3402821476889315,-0.8097191155492186,2
-0.009531505592955014,-2.835999785071468,1
-0.7261028990917929,0.4346966119101916,2
-0.6731303338354513,-1.9361980234898943,1
-1.6713584201578195,-1.4778648366140033,1
3.50065475811264,3.4084783763214457,0
-2.662761410950477,3.9617866710815033,0
-0.6451282811824512,-0.7287647983110057,2
-0.17304262639056933,-0.8659093330625014,2
-0.09972593393926045,0.09271418245889328,2
0.7628542972755977,0.8689706400388671,1
2.0117863304429493,3.0041320863651815,0
1.8612213279735543,3.2469966885000616,0
-0.622942475418176,0.041668615405495046,2
-0.8063784664618286,-0.4549420886619462,2
0.022706253944307697,0.24804148587402075,2
0.11449030190014307,2.6075936985926687,1
1.7916568386182332,0.16146724377619923,1
0.29185925393201195,0.35946638904087086,2
0.18420433749209053,-0.9195008800149038,2
-0.827399799050185,-0.04689206419682623,2
1.7033533117295416,-1.9939488141863924,1
4.197479582505107,-1.5333869587800066,0
-2.6051325045948235,-4.744655313862929,0
3.271102809828932,-0.2434540557295488,0
-0.4070037459004929,0.11278853523852204,2
-4.214329399162272,-0.1058364466919448,0
0.90749471349734,2.8511648535225635,1
-0.125760021506383,-0.1552248633048512,2
2.644045693092876,-3.163204497877083,0
-4.376064813012395,1.925972831740024,0
-0.7183393976619605,-2.4624358922669387,1
0.8558281630382956,-0.3691625615841376,2
0.3152668215402432,-4.945405549231176,0
-4.987042332852954,-0.5095411580276981,0
-1.0021979742115876,1.5976042046270305,1
-0.36362847123181474,-0.4224774714162365,2
2.1011722453668646,0.5426283181324978,1
0.6153338958880177,0.3555797208816589,2
-1.0553065835920383,-3.5450986306649965,0
0.6559881381663324,2.4278904769041847,1
-2.0932459285021614,-1.122845960135193,1
1.1730549310063845,-0.024544359289527584,1
-1.4536682575326392,-3.1096003744978167,0
-0.18773941720886533,0.6823843751548067,2
3.283218634476817,1.825525504658244,0
-2.762512161171464,4.1489487909616845,0
2.475665637498992,-4.112266751515021,0
-0.958836732705648,0.25807273703533173,2
0.9692202081270656,-1.4003843259301805,1
0.687635833287783,-1.1461798538652663,1
0.5978718603619305,-1.6403575531272518,1
-0.5332956960092153,0.0762773766938798,2
-0.035281376829420445,-2.2961578862361556,1
2.9743514322977798,-0.23709446163664968,1
0.29350116939871995,0.08869838827930021,2
-1.641183514231483,-1.2134358898653907,1
0.4882217625661767,-0.2422936591369602,2
-0.5953198733060212,-0.7778318538560586,2
-4.088115371158102,-0.06736463797916059,0
3.6846501137325394,2.029992441304788,0
0.838708034976494,-0.3501072213421548,2
-0.32149934750834586,-1.5789504522942375,1
2.79608839466791,0.2547612179544734,1
-0.1324105704788323,0.6071738621873299,2
0.15522052002191522,0.8213466949780868,2
3.3579558917150347,0.43996913986945774,0
-0.5485213357307952,3.3572976562206573,0
-1.9105497690275717,-2.6972144675944807,0
4.777192073792499,-3.752196076067268,0
-3.8308679587301473,3.244527670831488,0
-0.6608146585897696,0.44158059385715914,2
-0.013049813542803435,0.21076320694423245,2
0.0037611996692668015,-0.7788238445431331,2
-4.9628613517911955,0.3062083871883239,0
-2.3983646379083194,0.5970382451727101,1
0.30263121066502663,0.3011212727496453,2
-1.5299285794523962,-2.0849096049754046,1
-4.915620765283273,4.8572947454409,0
0.025654101012025695,0.6268642358226195,2
-1.294484787540929,2.0160106211032622,1
-0.46759059234687944,-0.33643504258856183,2
-0.3970808083750645,0.6780407799148307,2
1.6702959281767242,-4.607634216593539,0
-0.8363607522668967,-2.263727571282564,1
-0.1381256621914,0.6342530472484595,2
1.3904611068221566,-3.7890920059183806,0
2.7687641100371394,0.02483215624898527,1
3.596791371152477,2.8495950273191615,0
-0.4240643198662033,0.8297935398440429,2
-1.9379441394863643,-3.321987219016158,0
-0.30257407747359544,-0.8335332021813356,2
-0.6877152286040005,-0.27901415224966275,2
-0.8293284174483091,0.2516819907113952,2
0.38082646667003583,-0.5868399643231301,2
0.42871589274699134,1.3184975956488945,1
-1.8394176767481487,1.2276523549317808,1
-0.853228383007318,-0.3843256469602556,2
3.6226339694556575,1.5709863429385056,0
3.4221661214983974,0.7937505272400136,0
-4.474517268689987,-3.689917184252272,0
0.12685918432805288,0.8786892631889652,2
-0.26443783411289346,2.377717827017949,1
-0.4996938501793613,-0.3465208619542617,2
-0.3657616625005424,0.8978273407527134,2
3.232110408935334,4.920910260260312,0
-3.78260406469668,-3.441566691199436,0
-0.4749028772839079,2.8846175508533487,1
-0.011271621068475568,1.3448935865469522,1
0.6776598299245284,-0.6564601537364263,2
2.7621737493877783,-0.24496752133466515,1
-2.378133965076883,2.3445280856118984,0
1.537831030097684,-1.780307914368648,1
-4.599728566148008,-3.5094102624177745,0
2.818236029901912,-0.6938280068189293,1
0.19399075127821772,0.2674155307813786,2
-1.4841435614961136,3.391450146170312,0
1.4262275470882466,0.5082391085408489,1
-2.560664879384313,-0.23379854815778955,1
-0.7756497263292896,-2.3360763654769534,1
-2.6754745804186375,1.896572385183548,0
-2.1124836729333167,3.8301453284082,0
0.653288364438465,-0.18984632226646703,2
-2.184031862380287,-1.8190619807933817,1
-2.76613656390026,-0.9560120235524733,1
-0.4359083805975335,-1.1007545702007446,1
0.09249944156547409,0.003081301701408634,2
1.9679389553202904,1.7065501511247767,1
0.18047592248269595,-0.799984956132576,2
1.8028254641919608,2.59034602011878,0
-0.3565300036044281,-0.23131664451948633,2
4.470646159509816,2.330943405810472,0
-0.810507480006671,0.4733181940392068,2
-2.6828787578383007,-1.367416599021784,0
-1.7189760920182549,-4.811893456746032,0
1.2112664035502831,2.348526481873443,1
-4.268703108198491,-2.1653352057311475,0
0.46508013790371816,0.8311681877081057,2
0.19031789197680385,0.7843599065404786,2
-1.7436385233641816,-0.5777655764867092,1
-0.0410539122334459,-0.2985571578294514,2
-1.0105805643928134,-0.20969970294105697,1
3.0126874714111,-3.4335132088910956,0
0.1878780898271346,2.493294595277961,1
0.21280132076817185,-0.02578753574755144,2
-4.404460550708809,-3.8505939141199033,0
-4.3686797602216325,-4.145198023668283,0
0.16298393673044664,-0.1370816967166908,2
0.32448192476693194,0.34445102049165044,2
0.5577834322043458,-0.597148363462221,2
-0.26858993742894466,-0.0204925354298684,2
0.735427283332628,-4.421337533862084,0
-4.745124432084322,4.187679937201512,0
-0.8037615505978071,-0.13614869797578244,2
-2.647913213578985,3.003619127422789,0
-4.0202459172219775,0.32150769406775126,0
0.13303665803919884,0.25074811645710593,2
0.36604509930034806,0.4878176519243569,2
-0.7490012099300989,0.05072165134303752,2
0.06821928999641891,0.9393679314903736,2
3.618463071493112,1.0886536079861262,0
-0.04815534875678117,-0.7025624633558696,2
-0.7433627457067384,0.5686406326885187,2
0.8542954805036365,-0.34280346914566184,2
-0.5553233051031192,0.23948192898335297,2
0.6625373573978504,-0.3771669723896682,2
-1.6147601380455727,-1.797308789255532,1
0.11325216815725536,0.7610203917970013,2
0.10304788176473421,-3.5334133180016405,0
0.045590915985482816,-0.7703978860321987,2
3.176209309308163,0.07282574806079188,0
0.30120727256258206,0.14006090706483398,2
-0.33993976818540883,0.3053468530163759,2
0.12509161995751938,0.2124276139335004,2
1.0706580825968999,-1.069998515309936,1
0.789199412824578,4.429137857951954,0
-2.364968154933177,-0.3438273786583572,1
-2.5155573307902848,1.7673220515667232,0
-4.916937763698042,-3.547421360538239,0
1.362492908136704,4.699698155904113,0
-0.22275636937867027,0.4637176359810367,2
-0.2348605308403675,1.192867743539639,1
0.24295349289903267,-0.6919013159764296,2
-0.1781283934429272,1.5888225167204784,1
-4.3996029468911,0.534963544084551,0
0.8374025428614419,-4.992581762124666,0
-0.5053791498432786,1.164169872651187,1
4.399104991055541,0.5497582130749129,0
0.3854983435369341,0.46010175877257087,2
-1.6736020477324935,3.851644141919504,0
1.680561825832358,-1.8881940532140933,1
0.30850147962299346,-0.6620427341950421,2
-0.47123608667738814,-0.5870888071643883,2
3.7110588901810337,-2.5476163282731266,0
-0.0952863728492206,0.01781381418040162,2
3.6765098333340127,-0.2566667019376254,0
-2.289330778396872,-3.84223391318542,0
1.4565798992007286,0.22843841054317604,1
3.036604418382716,-0.9674384507819107,0
0.5328011742230485,3.9838962931853743,0
0.9744833091781276,0.22221469615340084,2
0.4533847812332645,2.028805158691917,1
0.21079969306522536,0.09751587764841663,2
-0.9882063168651386,0.14177067116101935,2
0.6035218520733663,-0.5353607040132511,2
4.936747738724211,3.475431819094238,0
1.1851927828254647,-0.29304351404087114,1
3.7371875797613696,-2.964787181453441,0
-1.2576996913166836,-1.5196236690380296,1
2.367316380252883,-1.8815870036499356,0
0.43548907320852415,0.08182497136516353,2
-2.9037718928944436,-0.5182841571554233,1
-0.5097608939994895,0.8302051591472814,2
-2.379141503349044,-1.0666334926218353,1
0.23533305197859453,-0.35440621358579794,2
1.6252834560235172,-2.4132385891805,1
2.3808151304986236,-1.8104815444563156,1
3.793504852457067,4.243800534205535,0
-1.9665139632120787,0.7954245405225073,1
-0.34067494230701456,-0.12841421482850812,2
0.051788627418120285,-0.10170310187533536,2
-0.05132903811802336,0.7588966399009286,2
-2.7488341769293565,4.84288626028046,0
3.994193737379488,3.2810910583994417,0
-0.6044180379104409,4.6123054106181645,0
-2.900459670828377,-2.072456538701204,0
-0.10056329148980936,-1.0811305953423411,1
-0.4580363236515738,-0.8075023293761382,2
2.3726704945106967,0.2775729131831719,1
4.1812393251718944,0.22103973117710216,0
-0.4253071356002645,-0.7715851054748094,2
0.9332720860032975,-1.5319132143619356,1
-2.792707656004252,-0.6294536605960879,1
-4.559278131175818,-2.386393778679043,0
0.08291908263727875,1.6893613319901384,1
2.8815703084094473,-1.2405161000910176,0
-0.5372526768709864,0.863924394233014,1
3.13707168567613,1.5628601632055252,0
-0.7920900151604479,0.8753327570320816,1
-4.760288851786285,3.5131099183906525,0
-3.43112575736609,-2.587853457672252,0
3.8205739489378345,-2.540883946866039,0
-0.6770578522973256,0.7216374077430218,2
0.160145800749099,0.9522861001479255,2
0.3317647620205024,0.0022746131188498,2
-0.5251255317113328,-0.7133794322967422,2
0.09166290969029232,0.9316341748172617,2
-2.696666173689408,2.4248007909786007,0
0.3840660659111226,0.2813349770248088,2
-1.3682510040652436,-4.946067552515832,0
-0.6304423625174973,0.7642916086529291,2
-0.43922632691436014,0.4508118911229921,2
-0.609602482973072,-0.17492761369216758,2
-0.41707180507593034,0.904358139610931,2
2.8057866981368207,-4.758699106432024,0
-1.7955924067279478,-1.2697110797476672,1
-0.045251884841272634,0.20793377334279753,2
0.41600710968356847,0.7369983900858736,2
0.07651285717797052,-0.79421160935388,2
-0.233604587398192,0.5151113129544207,2
1.2182579134079103,2.310629787144891,1
0.2454181122187311,0.8915098971941102,2
-0.18034458795887165,0.2869811993490954,2
-0.9418312840824273,-1.879034219323782,1
-0.36134432902021535,-0.44666016253932384,2
-2.0262765444775654,-1.8651450524447168,1
-3.2520842861968657,-2.946693102950629,0
0.9465902931019928,0.24560044413069093,2
4.514017450097189,2.7583515270425782,0
0.1170108725987342,1.8321011948252417,1
-2.8776477222956824,3.850363003312255,0
1.4791226647097035,-1.002757147832733,1
-0.40286428998152335,-2.3824359401573663,1
0.5730428404903805,-0.706451017140612,2
-1.608762261444152,1.332072123298622,1
-2.4053254620832956,-0.5018433677933585,1
-3.8762306420963992,0.9342470629059738,0
0.7051017909429689,0.6424788070071843,2
0.09600803821793936,0.3938256250016616,2
3.246203723481013,-3.4525842623114116,0
-0.4577894477758502,-0.6081342167389572,2
2.7731610156666555,-0.5593635881448488,1
-3.0378043964050288,-0.282615807187633,0
-0.7382578569817841,-1.6563456270242043,1
2.8520870457953817,2.516752776539123,0
0.7297290000452029,0.5626878342211832,2
0.09895816670677161,0.48461579899300666,2
3.9806762135149767,0.14946706286191436,0
3.58941881164119,-3.1213908954142697,0
0.1722694832208047,-0.24988003186724136,2
1.8662743764660303,0.2618115467644708,1
-2.1043801917549447,-0.6024518890845476,1
-3.960449910222028,2.213944129215404,0
1.793335864094594,1.9652222968245228,1
-2.8955204467883213,-3.6366669479615674,0
-1.3093128741298308,2.551840195082839,1
-0.5822343856541528,-0.46028176546718225,2
0.49798274039488977,0.14866073433903537,2
1.82137283153724,-1.7796662057225805,1
0.6700157802090514,4.255927693114437,0
-1.563076434201773,-2.516203935578909,1
0.012466681983932304,0.5511311045657532,2
-0.7946570836213898,-0.14771803406393058,2
0.6284849861520847,-0.4599200031577837,2
0.5169241902406245,0.1939464471044614,2
-2.6636245098523315,1.0890790221887927,1
0.11510704517234148,0.5720339527008198,2
-0.6693977734299725,0.3283363815160172,2
-0.4728559746520471,-0.8025191993333376,2
0.23248155712935947,0.45823576821524975,2
0.9817034613162131,-2.08009428041052,1
-0.6182990956756401,0.6693705222807401,2
1.1556710830749637,0.6968863034616355,1
-0.2806086252945956,0.6459499082593219,2
4.900854847684252,-3.7656807829687895,0
-1.5518704060105164,2.518791536278499,1
0.16955806861021916,1.7552545934675912,1
0.556896014132918,-1.689809801793409,1
-0.22932180622400636,-0.1858393492269945,2
-0.46564523846978473,0.6561728469364878,2
-0.30012270679707326,-1.2907544229353545,1
-4.482434646684265,1.9463972940822625,0
0.3431604696695443,-0.8116549815742885,2
-0.4836127603885041,0.3143049142844765,2
0.3132017866909642,-0.8195909918733522,2
0.35856428242784766,-0.41201206258852086,2
0.016848869461478344,-0.20561458662644583,2
-0.02130537277675515,0.37198054360892646,2
4.680702226807112,0.579864038107921,0
-1.8123960473829708,-1.9331252142583113,1
2.771273647819619,1.5616656384432535,0
-0.4667170849115729,0.4156390870600744,2
0.7006616078352845,1.9876829987541047,1
0.6569192417594296,-1.9507946547055628,1
0.28764617011931287,-3.2423947229978296,0
-1.7492290266549695,-1.3331147773425691,1
0.44361189346753693,0.2943766405015733,2
1.5262324441549975,-3.5414138337046324,0
2.5938852486138986,-4.722337275665958,0
0.07162410909419492,0.08217308259140843,2
2.3465386099872934,-4.489409852698992,0
0.26297328033055223,0.29395178123780763,2
-0.5310068309356346,-0.7566924427200021,2
-3.025588501984017,4.301202152134675,0
0.3231558266671888,-1.2150915601112127,1
0.21694485819471776,0.846840162539867,2
-0.12324392207827016,2.118987509993307,1
-0.1854001099266398,-0.529981892821917,2
-1.831557546329153,-1.6707588946278267,1
0.3000970645902603,0.14327517540402468,2
-0.19248630946009904,0.6098409291436653,2
0.8284518626558546,-0.1258043921393437,2
-1.510123488282958,0.7419585414204413,1
3.4364901037837736,0.7925720281867487,0
-0.5190608261484213,0.0955262521496758,2
0.3185956647900232,0.4556857561425653,2
1.3575294825220077,0.3520421750937155,1
-3.00151453031846,0.5708317162852145,0
2.022854843998328,1.957812224389526,1
-2.5203285695731648,0.07048086916144136,1
-0.29888989385225706,-0.06472115541490897,2
-0.3876205507634811,0.3082582229364519,2
0.7039376470585433,0.5760633406577735,2
-0.053979881174814885,3.674621318462561,0
-2.1232254069551564,-0.5797726134775001,1
4.5246440399642225,4.181093093992898,0
-0.5364123586737684,-0.5122589999926603,2
3.9078195887010976,-1.6324146879646135,0
-0.8088765447211655,-0.23579076711610905,2
-0.1494359653048365,0.264950016001392,2
1.4080835077083795,-0.8433280345148954,1
-0.248125495507896,-3.8163547073374207,0
-1.4224592176667323,4.708629601488669,0
0.3283988777515434,-0.7837712999673877,2
-4.281830036048369,-2.0755550574221964,0
-0.15999861986502228,-1.8160380480291207,1
-0.7598301715388035,-1.6017195090736305,1
3.52070652119348,-1.41827716017304,0
0.1993027993384544,0.29785015184198294,2
-4.784583365278015,1.6502731674390547,0
-0.7535346982461845,-0.11600775243170248,2
0.1201221094523568,-1.8569520204631969,1
0.341913971734189,-0.7656152242197898,2
0.0507418305619467,-0.8802890468787341,2
-0.521931077864358,-0.5968099096739817,2
0.801803483461744,-0.23920454317166048,2
-2.6792850286700047,2.227409254560729,0
0.40397799537814727,-0.4566113080958036,2
-0.2464152660940204,-1.5801210583733054,1
-1.58380007731742,1.3860792588488076,1
-1.0959618386708012,2.586786034499358,1
-1.270393151375266,-1.7427629459882432,1
-1.3142554930633255,3.752056504411147,0
1.3436311315616836,-4.417072569778067,0
-0.29490962551161454,-0.0935776467347642,2
-2.821243382642329,1.076082576593178,0
0.5370739135132094,0.5406433556273704,2
-1.0521575838200643,-2.4568550283878428,1
-0.8680776798483888,0.26323894858570185,2
-4.351841790446239,-1.728277016932064,0
0.2826217676222438,0.6332749942947693,2
-0.9471453583289032,-1.2084780907541235,1
0.8997644750181522,2.0371932685020946,1
4.246399200148959,1.7303240399021247,0
1.5835162583861315,2.5369311494784386,1
-0.5738121994825276,0.5480151682827117,2
-0.4301011424588799,-0.11120027334707228,2
-4.988723167434279,-1.0285824624508904,0
3.7350160873397673,-2.8861200755405445,0
-0.4763189064095839,0.011369240077797826,2
0.1092023052758062,0.06303943482031649,2
0.4196283853090765,-0.4363996618110448,2
1.8995066790850537,2.447843218547135,0
2.1715921742407502,-1.605111722364975,1
4.468370483389014,4.288464952501007,0
1.1669689344768883,1.5164832522205884,1
0.41529060694933406,0.5891379440227862,2
3.808906467341165,3.128235906823498,0
0.6894744513329156,2.3072974159336272,1
2.6553736634145784,-1.2440942693179164,1
0.32205085680003886,-0.7150035811784868,2
0.5491970341196559,-0.5114531439209014,2
1.0597792916454596,0.05540927878584867,1
1.2949406185640449,-0.8120592169242765,1
-2.0331522466190206,-3.841694723926481,0
1.0025142136815424,2.2028215900604127,1
0.7010967240098243,0.3896554515429473,2
-0.14169661740374903,0.03369346228987702,2
-2.4862461715861017,-0.5721513894688153,1
-3.386594359627484,2.1819379404116455,0
4.621163019579647,2.397606941266272,0
-2.70548441475462,4.996095577542564,0
-0.14816637935278895,0.09463620500641312,2
0.08961322539069537,2.5410544416182823,1
-0.1475393963806297,-0.40559667303032226,2
-4.162594530535661,-0.6713464959278612,0
-4.901935922484363,3.409599912019832,0
-4.671230625039969,0.7431884610423687,0
0.6698327363098411,-3.298051130970302,0
-0.6471751130016914,0.1850067026577253,2
0.1108432108327042,2.502964305567085,1
-2.2603882559844424,-0.8781351459337107,1
-0.5617894162535118,0.0008079865185735001,2
2.2017672907898653,2.2437980044819006,0
3.229459758519768,1.3567754285589455,0
-1.2451649581005189,4.000463730482752,0
-1.7387111232845447,0.4429287977097829,1
2.246684343249448,-4.91641452460035,0
-2.609935413588054,4.128714586724412,0
-1.2296585616354765,1.5583408123340758,1
0.6929335632013521,-0.1107426302639256,2
-0.4132573787123359,0.3659236648691504,2
-2.0656105271466423,1.1405568123626528,1
-0.8921181192959784,-0.3593938208245486,2
2.245334744779244,-0.2018538804080432,1
-0.26999574226337497,-0.37040150876650113,2
2.621964260788542,-1.250137296304183,1
-0.7363841061614264,-0.6181444857179006,2
3.41751419417934,3.6769182296086136,0
0.008050517971666338,1.9862740891194537,1
0.2384471410303792,0.9660334525505229,2
-0.39049837007935734,-2.138156608512359,1
-2.743553413489354,-0.969608954656148,1
0.17428167162349872,4.6352766771485,0
-0.36098277150126007,-0.8566214304703273,2
2.2642735929403854,-0.45105820056541374,1
-2.660098471149696,1.2800336296191848,1
0.34252653081295126,2.301226284736688,1
1.2096560198289028,-1.1946578528200003,1
-0.3967855806053908,0.5444704259374165,2
-0.6467794281806558,0.2116780164643988,2
1.4750482575544517,2.5846939101228847,1
-0.1842304593222108,0.9474017706833928,2
-0.32557520857156413,-0.18778204256962816,2
-2.6723519007597134,-4.788419539885413,0
2.1435042733718515,3.8415475056069504,0
-2.0589331097604404,-4.883522915088801,0
1.1214913497580872,0.37662841262924823,1
4.440504325279625,-3.7111998790720775,0
0.8428999354531586,-3.532540504109184,0
0.25651241733385977,-0.1320149429009696,2
-4.943084512503617,0.6515245910311105,0
-1.4184093080423927,-2.4493089973101427,1
0.42492133214548566,-0.2752185588697875,2
-0.29296410416846896,2.4028785931216348,1
1.7810958303887447,-1.1982911019376177,1
-3.988385734964864,2.403243724169263,0
0.5330967243136849,-0.33780342497617694,2
0.4994295704917437,-3.043864164256665,0
-1.8892166726985025,-0.46835468356047544,1
-3.828596424794256,3.6851341321220423,0
-1.6400767200588415,-1.7195470810387095,1
0.036813259812392474,-0.30418433358450425,2
-1.759506197845042,0.15441119622531918,1
-0.39813698991758,-2.6798582155511905,1
-2.700219394340139,-1.147751163602646,1
-2.4965879283537014,3.6723595436372167,0
1.9566023030039383,1.1380181350147929,1
3.5926065518452215,2.455692291507355,0
1.3408104499658329,-3.0969135931376752,0
-1.0287862316461927,-1.8397762175380732,1
-1.3861289884833083,-2.307208962816452,1
-4.7963445840415355,4.839786976951077,0
1.3026668032473498,-1.5621970617621712,1
-2.7866838559237386,0.6166755600740981,1
2.4286833175627978,-4.352723156334768,0
3.875752632277479,0.1782686791125414,0
-0.11443632814097704,0.742736362844708,2
2.9966133865143387,2.8439871553260323,0
-0.6517087996800015,-0.3478721438944792,2
